Alternative,TOPSIS Score,TOPSIS Rank,SPOTIS Score,SPOTIS Rank
A1,0.5596610447677118,2.0,0.39999999999999997,2.0
A2,0.41421356237309503,4.0,0.6000000000000001,4.0
A3,0.5542009448037762,3.0,0.5,3.0
A4,0.7865791250314917,1.0,0.185,1.0
